1,Retard,Asshole,13,1,0.000000,Dimwit,Douchebag,Dimwit@DimwitAccounting.fuckoff,Male,Oof,111
2,Retard,Asshole,13,1,0.000000,Dimwit,Douchebag,Dimwit@DimwitAccounting.fuckoff,Male,Oof,112
3,Retard,Asshole,13,1,0.000000,Dimwit,Douchebag,Dimwit@DimwitAccounting.fuckoff,Male,Oof,113
4,Retard,Asshole,13,1,0.000000,Dimwit,Douchebag,Dimwit@DimwitAccounting.fuckoff,Male,Oof,114
5,Retard,Asshole,13,1,0.000000,Dimwit,Douchebag,Dimwit@DimwitAccounting.fuckoff,Male,Oof,115
6,Retard,Asshole,13,1,0.000000,Dimwit,Douchebag,Dimwit@DimwitAccounting.fuckoff,Male,Oof,116
7,Retard,Asshole,13,1,0.000000,Dimwit,Douchebag,Dimwit@DimwitAccounting.fuckoff,Male,Oof,117
8,Retard,Asshole,13,1,0.000000,Dimwit,Douchebag,Dimwit@DimwitAccounting.fuckoff,Male,Oof,118
9,Retard,Asshole,13,1,0.000000,Dimwit,Douchebag,Dimwit@DimwitAccounting.fuckoff,Male,Oof,119
11,Retard,Asshole,13,1,0.000000,Dimwit,Douchebag,Dimwit@DimwitAccounting.fuckoff,Male,Oof,121
13,Retard,Asshole,13,1,0.000000,Dimwit,Douchebag,Dimwit@DimwitAccounting.fuckoff,Male,Oof,123
14,Retard,Asshole,13,1,0.000000,Dimwit,Douchebag,Dimwit@DimwitAccounting.fuckoff,Male,Oof,124
15,Retard,Asshole,13,1,0.000000,Dimwit,Douchebag,Dimwit@DimwitAccounting.fuckoff,Male,Oof,125
16,Retard,Asshole,13,1,0.000000,Dimwit,Douchebag,Dimwit@DimwitAccounting.fuckoff,Male,Oof,126
17,Retard,Asshole,13,1,0.000000,Dimwit,Douchebag,Dimwit@DimwitAccounting.fuckoff,Male,Oof,127
18,Retard,Asshole,13,1,0.000000,Dimwit,Douchebag,Dimwit@DimwitAccounting.fuckoff,Male,Oof,128
19,Retard,Asshole,13,1,0.000000,Dimwit,Douchebag,Dimwit@DimwitAccounting.fuckoff,Male,Oof,129
21,Retard,Asshole,13,1,0.000000,Dimwit,Douchebag,Dimwit@DimwitAccounting.fuckoff,Male,Oof,131
23,Retard,Asshole,13,1,0.000000,Dimwit,Douchebag,Dimwit@DimwitAccounting.fuckoff,Male,Oof,133
24,Retard,Asshole,13,1,0.000000,Dimwit,Douchebag,Dimwit@DimwitAccounting.fuckoff,Male,Oof,134
25,Retard,Asshole,13,1,0.000000,Dimwit,Douchebag,Dimwit@DimwitAccounting.fuckoff,Male,Oof,135
26,Retard,Asshole,13,1,0.000000,Dimwit,Douchebag,Dimwit@DimwitAccounting.fuckoff,Male,Oof,136
27,Retard,Asshole,13,1,0.000000,Dimwit,Douchebag,Dimwit@DimwitAccounting.fuckoff,Male,Oof,137
28,Retard,Asshole,13,1,0.000000,Dimwit,Douchebag,Dimwit@DimwitAccounting.fuckoff,Male,Oof,138
29,Retard,Asshole,13,1,0.000000,Dimwit,Douchebag,Dimwit@DimwitAccounting.fuckoff,Male,Oof,139
31,Retard,Asshole,13,1,0.000000,Dimwit,Douchebag,Dimwit@DimwitAccounting.fuckoff,Male,Oof,141
32,Retard,Asshole,13,1,0.000000,Dimwit,Douchebag,Dimwit@DimwitAccounting.fuckoff,Male,Oof,142
33,Retard,Asshole,13,1,0.000000,Dimwit,Douchebag,Dimwit@DimwitAccounting.fuckoff,Male,Oof,143
34,Retard,Asshole,13,1,0.000000,Dimwit,Douchebag,Dimwit@DimwitAccounting.fuckoff,Male,Oof,144
35,Retard,Asshole,13,1,0.000000,Dimwit,Douchebag,Dimwit@DimwitAccounting.fuckoff,Male,Oof,145
36,Retard,Asshole,13,1,0.000000,Dimwit,Douchebag,Dimwit@DimwitAccounting.fuckoff,Male,Oof,146
37,Retard,Asshole,13,1,0.000000,Dimwit,Douchebag,Dimwit@DimwitAccounting.fuckoff,Male,Oof,147
